{"stats":{"minecraft:picked_up":{"minecraft:turtle_scute":1,"minecraft:flint":1,"minecraft:item_frame":2},"minecraft:custom":{"minecraft:jump":125,"minecraft:time_since_rest":218608,"minecraft:damage_taken":240,"minecraft:leave_game":6,"minecraft:play_time":218716,"minecraft:crouch_one_cm":2773,"minecraft:time_since_death":218583,"minecraft:sprint_one_cm":15949,"minecraft:walk_one_cm":25687,"minecraft:walk_on_water_one_cm":1224,"minecraft:deaths":1,"minecraft:total_world_time":226438,"minecraft:sneak_time":2584,"minecraft:climb_one_cm":649,"minecraft:walk_under_water_one_cm":6666,"minecraft:fly_one_cm":4161840,"minecraft:drop":4},"minecraft:dropped":{"minecraft:turtle_scute":1,"minecraft:item_frame":2,"minecraft:flint":1}},"DataVersion":3955}